filament_id,segmentation_rle
201405000120000Ch_1,bXk04j73O2N1OK[H0d7O^H0b70_HOa71_H0`71^H0b78O2N1O00O1O100000000G_H2b7M`H2`7N`H2`7N`H3_7MaH3_7MaH31KX72gH40JY72gH40JY72gH40JX73iH3MKZ72iH7W7IiH3MKZ72iH2OKY72hH20LX72gH22LW72gH22LW73eH25JV7<71O000000J_HM`73bHL^7O`H200`7MbH1N3e7L]H3c7M]H4b7L^H5a7K_H5g7O01N011O100O00L[HNc72_HN`73_HN_73aHM^75`HM`79O1N1110000OO1GbH0^7OdH0]7KaH124a7K_H5a7K_H6`7J`H<_710O0J_HMa72aHM_7N`H111e7N\HOf70l^`0
201405000120000Ch_2,di;1g71]H15OR72gH16NS78fHI01Z7`001NFhHNX71jHGO2W78oHFR79PIFo67UIIk66VIJi66XIJi64b0001O000O1O101N3M1004L4Ief]1
201405000120000Ch_3,bR53l72D<N10O000CfH5X7MjHOX72:0N2002N2N1N3NTnf1
201405000120000Ch_4,PbZ11n73N1N10O11O1O00O1O101N0101N2O0O010001N3MRV`0
201405000120000Ch_5,`b82m72O1N0CLoH4Q7NmH4R7KgH>X7CfH>Y741JgHD\7OfH40La736O2O01gec1
201405000120000Ch_6,_jT11j70YH1f71XH0e78O000001N10O1O0100000O1O1O1NF`H7a7HaH5aef0
201405000120000Ch_7,TRg11n72M1010001O:G3MAdH:a7O0O2OO20M3L5Mdm4
201405000120000Ch_8,Xj`02n7000O2O2N1O1O2M2O1O00001OHcHNLN]73iH2V7NkHLJ2[72>O2O0OjUZ1
201405000120000Ch_9,ZZ[12o7OO2SHNj76N1O00JZH2k7O00KOZH3OMc7;N3N10AbH9d7O010O0O2N2N2N1O^U?
201405000120000Ch_10,PSi1224d77M0OH`HOOOZ77nHLn6OkHM85^72N0MO5Ko\4
201405000120000Ch_11,Rc?6j700O0001O0100001N2O1O1O3M10N10O1000001O1O21N0O0000000101O0N2O1O3NO1O1O3M1O0CaH9`7EbH9c700O0101O3M10B_H;d7O1002NO01O0000000000O10O010000O1L4N100100O1000000O1O2N1OM]HKb75`HI`780H_H9a7300O101ON2O1O010O2O00000O1N2O1MXHOg7041N2000LWH1fdg0
201405000120000Ch_12,Q[f1161`7>J3aH^O48LHj6Y1WIhN`6]1N01O1iN`Im0a6POiIOLOI7i6IRJ3P7NRl6
201405000120000Ch_13,^d;2j75O0O1L401N101aHCY7c0O01O0O2N1M4N100O01001O0100O01OO01O1O1N6K2O0001N3N0000Nf[[1
201405000120000Ch_14,adV1133d750OMJ]H6e73N2O2M1O11N1O2OO1001O1D^H8k7H\Se0
201405000120000Ch_15,Z]d12k74VHL\70dHO3:Z7IdH9[76O2O@gH9Z7CjH<^70O4L1gH_ON0n64oH74GM1n60SI8N0P7ESIi0Q71O1O10DoHIQ76QIGQ78<01O1O1O5HbZ5
201405000120000Ch_16,]m\13k74EJhH6T7OkH1U70jHOW71hH0X71eH0\7:1N10001O01O0004L1O1O0000001O00100O01O0001IZH0^R<
201405000120000Ch_17,PV<3k74N2N1OO10010N100OeHJo66oHOn61jHL12V78jHFZ79dHG^70bH8]7HeH6Z7KgH5X7LhH4OHT73nH5MIU72nH6KIW71nH:R7FnH8^7O011I\HOe70^HMc73501N1000O100000O10fiZ1
201405000120000Ch_18,Vfk02m72O1O0KM\H5b79K4cH^OV72iH?]7LcHC]7<4000O1000O1L_HHb774O11O00O1000O10O100O2O01OO1O1O10O1001O1O0000000O10001OkYi0
201405000120000Ch_19,[n\12m72O01OXHOa71^H0b71\H0d760100OL]HLc72_H1]70bH0]72cHL]7562O0002N1OGJhH6V71dHN^73bHI`776N1O3Nla<
201405000120000Ch_20,Woc01n71O11OL0WH2b7O^H5c7400000000000O0O2O01001O0O1O10O2O100dHHn68QIIo62iHN70Q71UINl61UIOk61UIOj63nHMM0U74kHN0NU75iHN1OT75iHM3MV7<iHEW7;iHEW7;iHEW7;iHEV7=hHDX7b0001O00000AhH6X7IjH6W7IiH7X7HhH8X7GiH9X7EiH6KL]7OfH5OK[71dH51J[7;eHE[7;eHE[7:fHFZ7:fHFZ7:fHGY7:fHFY7;gHEY7;gHEY7;gHEY7:hHFX7:iHEX7:hHEY7<eHE\7:dHGZ71dH42KZ70fH40K[70gH4]7LeH3[7MeH3[7NdH2\7NdH2\7NgHOY71;1O1O0000001N2O00001O0]HI]78aHJ^7<0O11000L`HF`796KZHKh734NPYd0
201405001120000Ch_1,]a?1o71N2KN[H1e7O\H0d71ZH1f76UMJiM6U2LgMK_M;i4KXKKZ20eM:j4NaMGgM:i4N_MJfM9l4L]M:b2G]M9d2F\M:c2F^M:b2F]M;c2FUKJR2`0k2ITM8k2HUM8k2ITM8m2GUKFf1f0T3FTKFg1d0dNZOS4a0XM6dNZOT4a0WM5dN\Ok1M2c0]O4gN\Ob1LWN7P2>^O3fNXOL3g11VN5Q2=@ZO_Nf07[OK2g1>YNCe1c0MOaN\OM1V1NjNU1Y1kNlNg0]1NaN\OM0`03J[1n0bNkN6K5f1:]N\OOO<8LX1o0cNhN313e1d0[NSO9<MV1P1kNkNLd1e0YNSO4c2Q1iMmNMe1i0\Nb1R1hMlNOe1b0ZNSO4MM>7Z1HXNV1>mNOc1b0\NSO863]1l0hNkN0a1c0]NRO1O25:_1i0hNkN0c1c0\NQO2O345MDf1W1gNjN0e1c0ZNRO2M64Om1m0oNb0:bNjNKW25gM5S1Y16aNiNLX23hM3P1HnNd1Y1bNiNL[2OgM4o0MlNb1[1bNfNN\2MhM3i0KVOl14TNg06SOO\2KiM3g0OUOj1OTN02m02UOOg31XLh1NVN00Q1NSO2f34VL9Nl03gN0NZ10`25WL8Nf0OPO3O]53cJMMO111m04QON2ONW55iJM9m01SOE3S52lJL<k0GRO30L6P52nJJ<m0FSO94g42nJJ6NLo00SO94g41oJK40Lm01SO93i41nJJ42Km02QO95h42WKKFm0b0VOZ4KVK78KFm0a0WOZ4LUK79IGm0a0WOZ4LVK68JGm0a0VO[4MVK48LGl00RO:6`4LWK57KHl0OTO:4a4LWK57KGm00SO:4X1K2OdN0e02RONO7:LHl00SO:4IJj00ZO3[1OdN0e01SO8;GGm00SO95IKi00[O2Z10eNOe01SO7<HFl00TO:5IHj02YO4Y10fNMg0OSO9;HFl00TO:5j0KQO3Z10eNNh0NSO9;HFl00TO:6i0ITO3X11eNNh0NSO9;HFl00TO:7h0HUO2Y11fNNf0OSO9<GEm01SO99h0EWO3X10fNOf00RO9;HFl01TO88V1G5NeN0e02QO9;GHl0OUO85EHc10`02lN0RO9;GHl0OUO93_3LTM0SONO7;KHk00VO83`3JTM2UO48LGk00VO83b4LTKNN7=KGk01UO75Z1I^13mL7<HGk01UO75Y1KNNK3cN7;IHj02SO87V1KN0K1eN6:JHj0b0ZOo0KL0L1eN6;IGk02SO87X1II5OMdN71G52Kl02TO76j2NXNLdN70I50Lm01SO87i2NXNKeN70J4OMm02QO30K9b1GI70IeN9OJ4ONl0:TOD6c1J[NOY17:1_NJ5MNn08UOF4b1OD1ROIk09lNK3M0n0LQO83JNN1e14C1QOKl06lNN0M1V11iNN00Nd16EKeN2:Om05kN61m00hNN11Mm00E8j0KlNMo06iN80l01hNO0O0j0NUO26O46U1LjNOo03kN9Ol01hN0NO3g06XOJ90X10dNMK4V10mNNN6OR13fN43=M]O?8CY11bN6NJl00UOONb1>^N40\O=;CX13`N3NHO5o0MUO0Nb1=_N4`0I_OW14^N>n0\OWO0Nc1:bNOKDe02[O10N0b12\Nk05SOl0c1]OcNNd0EXO10ONd10\Nn02TO;3M^12cN0S1Z1E\NTO:5M\12dN1o0CjNh1n0[NTO:5M\12dN1n0^1JWNSO:6N[12cN2o0]1JVNTO<4M]12_N4R1[11bNPOL`13\N4S1[11cNoNKb12[N4T1BkNc1O]NU1>POJb13YN4[1R1NnNkNJb1e0Dc0OoNjNJb1<\NZO0O\10cN]1Z1eNfNO0932^1D_Ng0h1b0NoN\N5_1;a07FXOZN6_1;b0YOnM00`0m1DWN6]1=i0GEEVNMJ6c1b0f0FGFYNOGLc1i0f0GFFYNM_1OZNa0X2MFE[NMc1`0;0FDRNJ80f1b0:0FGSNHR2a050GJ466OFL358_OfM;Q2LoMIU2?9KBM:74KCN95d2J\M5e2K[M6c2K]M6b2J_M6_2KaM5_2HVKK[2=_2GXKKX2>a2HWKJV2=f2IRKLX2NhM9o41\MNc23^MEdM6l40iM2T2MmM7o1JoMN\M4f4LmM0_M3e4MjM1dMNc41iM2dMKd43hM4aMJg41kM4\MMh4MRN:k4E[H9f7N1JZH1SV=
201405001120000Ch_2,U[i14^1MP53nJNS52QJMA4b0Oj5m0dIPO2=Y6V10O0jNgI`0OYOX61PK3k4LWK2l4JVK4\6O020N[[3
201405001120000Ch_3,aS5j04XOj6Q1N20M3Fa0\Od\i1
201405002120000Ch_1,]a?1o71N2KN[H1e7O\H0d71ZH1f76UMJiM6U2LgMK_M;i4KXKKZ20eM:j4NaMGgM:i4N_MJfM9l4L]M:b2G]M9d2F\M:c2F^M:b2F]M;c2FUKJR2`0k2ITM8k2HUM8k2ITM8m2GUKFf1f0T3FTKFg1d0dNZOS4a0XM6dNZOT4a0WM5dN\Ok1M2c0]O4gN\Ob1LWN7P2>^O3fNXOL3g11VN5Q2=@ZO_Nf07[OK2g1>YNCe1c0MOaN\OM1V1NjNU1Y1kNlNg0]1NaN\OM0`03J[1n0bNkN6K5f1:]N\OOO<8LX1o0cNhN313e1d0[NSO9<MV1P1kNkNLd1e0YNSO4c2Q1iMmNMe1i0\Nb1R1hMlNOe1b0ZNSO4MM>7Z1HXNV1>mNOc1b0\NSO863]1l0hNkN0a1c0]NRO1O25:_1i0hNkN0c1c0\NQO2O345MDf1W1gNjN0e1c0ZNRO2M64Om1m0oNb0:bNjNKW25gM5S1Y16aNiNLX23hM3P1HnNd1Y1bNiNL[2OgM4o0MlNb1[1bNfNN\2MhM3i0KVOl14TNg06SOO\2KiM3g0OUOj1OTN02m02UOOg31XLh1NVN00Q1NSO2f34VL9Nl03gN0NZ10`25WL8Nf0OPO3O]53cJMMO111m04QON2ONW55iJM9m01SOE3S52lJL<k0GRO30L6P52nJJ<m0FSO94g42nJJ6NLo00SO94g41oJK40Lm01SO93i41nJJ42Km02QO95h42WKKFm0b0VOZ4KVK78KFm0a0WOZ4LUK79IGm0a0WOZ4LVK68JGm0a0VO[4MVK48LGl00RO:6`4LWK57KHl0OTO:4a4LWK57KGm00SO:4X1K2OdN0e02RONO7:LHl00SO:4IJj00ZO3[1OdN0e01SO8;GGm00SO95IKi00[O2Z10eNOe01SO7<HFl00TO:5IHj02YO4Y10fNMg0OSO9;HFl00TO:5j0KQO3Z10eNNh0NSO9;HFl00TO:6i0ITO3X11eNNh0NSO9;HFl00TO:7h0HUO2Y11fNNf0OSO9<GEm01SO99h0EWO3X10fNOf00RO9;HFl01TO88V1G5NeN0e02QO9;GHl0OUO85EHc10`02lN0RO9;GHl0OUO93_3LTM0SONO7;KHk00VO83`3JTM2UO48LGk00VO83b4LTKNN7=KGk01UO75Z1I^13mL7<HGk01UO75Y1KNNK3cN7;IHj02SO87V1KN0K1eN6:JHj0b0ZOo0KL0L1eN6;IGk02SO87X1II5OMdN71G52Kl02TO76j2NXNLdN70I50Lm01SO87i2NXNKeN70J4OMm02QO30K9b1GI70IeN9OJ4ONl0:TOD6c1J[NOY17:1_NJ5MNn08UOF4b1OD1ROIk09lNK3M0n0LQO83JNN1e14C1QOKl06lNN0M1V11iNN00Nd16EKeN2:Om05kN61m00hNN11Mm00E8j0KlNMo06iN80l01hNO0O0j0NUO26O46U1LjNOo03kN9Ol01hN0NO3g06XOJ90X10dNMK4V10mNNN6OR13fN43=M]O?8CY11bN6NJl00UOONb1>^N40\O=;CX13`N3NHO5o0MUO0Nb1=_N4`0I_OW14^N>n0\OWO0Nc1:bNOKDe02[O10N0b12\Nk05SOl0c1]OcNNd0EXO10ONd10\Nn02TO;3M^12cN0S1Z1E\NTO:5M\12dN1o0CjNh1n0[NTO:5M\12dN1n0^1JWNSO:6N[12cN2o0]1JVNTO<4M]12_N4R1[11bNPOL`13\N4S1[11cNoNKb12[N4T1BkNc1O]NU1>POJb13YN4[1R1NnNkNJb1e0Dc0OoNjNJb1<\NZO0O\10cN]1Z1eNfNO0932^1D_Ng0h1b0NoN\N5_1;a07FXOZN6_1;b0YOnM00`0m1DWN6]1=i0GEEVNMJ6c1b0f0FGFYNOGLc1i0f0GFFYNM_1OZNa0X2MFE[NMc1`0;0FDRNJ80f1b0:0FGSNHR2a050GJ466OFL358_OfM;Q2LoMIU2?9KBM:74KCN95d2J\M5e2K[M6c2K]M6b2J_M6_2KaM5_2HVKK[2=_2GXKKX2>a2HWKJV2=f2IRKLX2NhM9o41\MNc23^MEdM6l40iM2T2MmM7o1JoMN\M4f4LmM0_M3e4MjM1dMNc41iM2dMKd43hM4aMJg41kM4\MMh4MRN:k4E[H9f7N1JZH1SV=
201405002120000Ch_2,U[i14^1MP53nJNS52QJMA4b0Oj5m0dIPO2=Y6V10O0jNgI`0OYOX61PK3k4LWK2l4JVK4\6O020N[[3
201405002120000Ch_3,aS5j04XOj6Q1N20M3Fa0\Od\i1
